b站,真果粒,-denaqii-,37438714,https://space.bilibili.com/37438714?from=search,保密,到了五级一定发起抽奖,32,【肖战代言真果粒花果轻乳】“卖的好 为啥倒桶里 喂猪喝？”谴责浪费行为！,https://www.bilibili.com/video/BV1GK4y1k7gi?from=search,【真果粒花果轻乳】“卖的好 为啥倒桶里 喂猪喝？”谴责浪费行为！p3（倒进下水道的）原文案：那些追星的小盆友，大学生们真的是省吃俭用，就为了给喜欢的明星投票所以这种行为真的很浪费啊很浪费！！不喝的奶哪怕捐出去呢？,1587100050,日常,51826,60,123,399,1089,2769,289,2020/04/20 11:54
2020/04/20 13:13
2020/04/20 13:13
2020/04/20 13:14
2020/04/20 13:14
2020/04/20 13:15
2020/04/20 13:15
2020/04/20 13:15
2020/04/20 13:15
2020/04/20 13:15
2020/04/20 13:15
2020/04/20 13:15
2020/04/20 13:15
2020/04/20 13:15
2020/04/20 13:15
2020/04/20 13:15
2020/04/20 13:16
2020/04/20 13:16
2020/04/20 13:16
